--insert into  PRODUCT(id,NAME , PRICE, WEIGHT) values (1,'Pen',10.10 , 12.00)

 insert into  REGION(REGION_ID,NAME, REGION_CODE) values(1,'ASIA', 'AS');
 insert into  REGION(REGION_ID,NAME, REGION_CODE) values(2,'Europe', 'EU');
 insert into  REGION(REGION_ID,NAME, REGION_CODE) values(3,'North America', 'NA');
 insert into  REGION(REGION_ID,NAME, REGION_CODE) values(4,'South America', 'SA');
 INSERT INTO  REGION(REGION_ID,NAME, REGION_CODE) values(5,'Africa','AF');
 INSERT INTO  REGION(REGION_ID,NAME, REGION_CODE) values(6,'Australia','AUS');
 INSERT INTO  REGION(REGION_ID,NAME, REGION_CODE) values(7,'Antarctica','AN');
 


 INSERT INTO `country` VALUES (1,'IN','IND','INDIA',1),(2,'CN','CHN','CHINA',1),(3,'US','USA','USA',3),(4,'CA','CAN','CANADA',3),(5,'DE','DEU','GERMANY',2),(6,'FR','FRA','FRANCE',2),(7,'KE','KEN','KENYA',5),(8,'UG','UGA','UGANDA',5),(9,'BR','BRA','BRAZIL',4),(10,'AR','ARG','ARGENTINA',4),(11,'NZ','NZL','NEWZEALAND',6),(12,'NO','NOR','NORWAY',7),(13,'IT','ITA','ITALY',2),(14,'ES','ESP','SPAIN',2),(15,'PL','POL','POLAND',2),(16,'BE','BEL','BELGIUM',2),(17,'FI','FIN','FINLAND',2),(18,'GR','GRC','GREECE',2),(19,'SE','SWE','SWEDEN',2),(20,'IE','IRL','IRELAND',2),(21,'AT','AUT','AUSTRIA',2),(22,'HU','HUN','HUNGARY',2),(23,'PT','PRT','PORTUGAL',2),(24,'LT','LTU','LITHUANIA',2),(25,'RO','ROM','ROMANIA',2),(26,'EE','EST','ESTONIA',2),(27,'CY','CYP','CYPRUS',2),(28,'SI','SVN','SLOVENIA',2),(29,'HR','HRV','CROATIA',2),(30,'LV','LVA','LATVIA',2),(31,'LU','LUX','LUXEMBOURG',2),(32,'GB','GBR','GREAT BRITAIN',2),(33,'CZ','CZE','CZECH REPUBLIC',2),(34,'SK','SVK','SLOVAKIA',2),(35,'MT','MLT','MALTA',2),(36,'BG','BGR','BULGARIA',2),(37,'DK','DNK','DENMARK',2),(38,'RU','RUS','RUSSIA',2),(40,'AF','AFG','Afghanistan',1),(41,'AX','ALA','Åland Islands',1),(42,'AL','ALB','Albania',1),(43,'DZ','DZA','Algeria',1),(44,'AS','ASM','American Samoa',1),(45,'AD','AND','Andorra',1),(46,'AO','AGO','Angola',1),(47,'AI','AIA','Anguilla',1),(48,'AQ','ATA','Antarctica',1),(49,'AG','ATG','Antigua and Barbuda',1),(51,'AM','ARM','Armenia',1),(52,'AW','ABW','Aruba',1),(53,'AU','AUS','Australia',1),(55,'AZ','AZE','Azerbaijan',1),(56,'BS','BHS','Bahamas',1),(57,'BH','BHR','Bahrain',1),(58,'BD','BGD','Bangladesh',1),(59,'BB','BRB','Barbados',1),(60,'BY','BLR','Belarus',1),(62,'BZ','BLZ','Belize',1),(63,'BJ','BEN','Benin',1),(64,'BM','BMU','Bermuda',3),(65,'BT','BTN','Bhutan',1),(66,'BO','BOL','Bolivia (Plurinational State of)',4),(67,'BQ','BES','Bonaire, Sint Eustatius and Saba',1),(68,'BA','BIH','Bosnia and Herzegovina',1),(69,'BW','BWA','Botswana',1),(70,'BV','BVT','Bouvet Island',1),(72,'IO','IOT','British Indian Ocean Territory',1),(73,'UM','UMI','United States Minor Outlying Islands',3),(74,'VG','VGB','Virgin Islands (British)',1),(75,'VI','VIR','Virgin Islands (U.S.)',1),(76,'BN','BRN','Brunei Darussalam',1),(78,'BF','BFA','Burkina Faso',1),(79,'BI','BDI','Burundi',1),(80,'KH','KHM','Cambodia',1),(81,'CM','CMR','Cameroon',1),(83,'CV','CPV','Cabo Verde',1),(84,'KY','CYM','Cayman Islands',1),(85,'CF','CAF','Central African Republic',1),(86,'TD','TCD','Chad',1),(87,'CL','CHL','Chile',4),(89,'CX','CXR','Christmas Island',1),(90,'CC','CCK','Cocos (Keeling) Islands',1),(91,'CO','COL','Colombia',4),(92,'KM','COM','Comoros',1),(93,'CG','COG','Congo',1),(94,'CD','COD','Congo (Democratic Republic of the)',1),(95,'CK','COK','Cook Islands',1),(96,'CR','CRI','Costa Rica',1),(98,'CU','CUB','Cuba',1),(99,'CW','CUW','Curaçao',1),(103,'DJ','DJI','Djibouti',1),(104,'DM','DMA','Dominica',1),(105,'DO','DOM','Dominican Republic',1),(106,'EC','ECU','Ecuador',4),(107,'EG','EGY','Egypt',1),(108,'SV','SLV','El Salvador',1),(109,'GQ','GNQ','Equatorial Guinea',1),(110,'ER','ERI','Eritrea',1),(112,'ET','ETH','Ethiopia',1),(113,'FK','FLK','Falkland Islands (Malvinas)',4),(114,'FO','FRO','Faroe Islands',1),(115,'FJ','FJI','Fiji',1),(118,'GF','GUF','French Guiana',4),(119,'PF','PYF','French Polynesia',1),(120,'TF','ATF','French Southern Territories',1),(121,'GA','GAB','Gabon',1),(122,'GM','GMB','Gambia',1),(123,'GE','GEO','Georgia',1),(125,'GH','GHA','Ghana',1),(126,'GI','GIB','Gibraltar',1),(128,'GL','GRL','Greenland',3),(129,'GD','GRD','Grenada',1),(130,'GP','GLP','Guadeloupe',1),(131,'GU','GUM','Guam',1),(132,'GT','GTM','Guatemala',1),(133,'GG','GGY','Guernsey',1),(134,'GN','GIN','Guinea',1),(135,'GW','GNB','Guinea-Bissau',1),(136,'GY','GUY','Guyana',4),(137,'HT','HTI','Haiti',1),(138,'HM','HMD','Heard Island and McDonald Islands',1),(139,'VA','VAT','Holy See',1),(140,'HN','HND','Honduras',1),(141,'HK','HKG','Hong Kong',1),(143,'IS','ISL','Iceland',1),(145,'ID','IDN','Indonesia',1),(146,'CI','CIV','Côte d\'Ivoire',1),(147,'IR','IRN','Iran (Islamic Republic of)',1),(148,'IQ','IRQ','Iraq',1),(150,'IM','IMN','Isle of Man',1),(151,'IL','ISR','Israel',1),(153,'JM','JAM','Jamaica',1),(154,'JP','JPN','Japan',1),(155,'JE','JEY','Jersey',1),(156,'JO','JOR','Jordan',1),(157,'KZ','KAZ','Kazakhstan',1),(159,'KI','KIR','Kiribati',1),(160,'KW','KWT','Kuwait',1),(161,'KG','KGZ','Kyrgyzstan',1),(162,'LA','LAO','Lao People\'s Democratic Republic',1),(163,'LV','LVA','Latvia',1),(164,'LB','LBN','Lebanon',1),(165,'LS','LSO','Lesotho',1),(166,'LR','LBR','Liberia',1),(167,'LY','LBY','Libya',1),(168,'LI','LIE','Liechtenstein',1),(171,'MO','MAC','Macao',1),(172,'MK','MKD','Macedonia (the former Yugoslav Republic of)',1),(173,'MG','MDG','Madagascar',1),(174,'MW','MWI','Malawi',1),(175,'MY','MYS','Malaysia',1),(176,'MV','MDV','Maldives',1),(177,'ML','MLI','Mali',1),(179,'MH','MHL','Marshall Islands',1),(180,'MQ','MTQ','Martinique',1),(181,'MR','MRT','Mauritania',1),(182,'MU','MUS','Mauritius',1),(183,'YT','MYT','Mayotte',1),(184,'MX','MEX','Mexico',1),(185,'FM','FSM','Micronesia (Federated States of)',1),(186,'MD','MDA','Moldova (Republic of)',1),(187,'MC','MCO','Monaco',1),(188,'MN','MNG','Mongolia',1),(189,'ME','MNE','Montenegro',1),(190,'MS','MSR','Montserrat',1),(191,'MA','MAR','Morocco',1),(192,'MZ','MOZ','Mozambique',1),(193,'MM','MMR','Myanmar',1),(194,'NA','NAM','Namibia',1),(195,'NR','NRU','Nauru',1),(196,'NP','NPL','Nepal',1),(197,'NL','NLD','Netherlands',1),(198,'NC','NCL','New Caledonia',1),(200,'NI','NIC','Nicaragua',1),(201,'NE','NER','Niger',1),(202,'NG','NGA','Nigeria',1),(203,'NU','NIU','Niue',1),(204,'NF','NFK','Norfolk Island',1),(205,'KP','PRK','Korea (Democratic People\'s Republic of)',1),(206,'MP','MNP','Northern Mariana Islands',1),(208,'OM','OMN','Oman',1),(209,'PK','PAK','Pakistan',1),(210,'PW','PLW','Palau',1),(211,'PS','PSE','Palestine, State of',1),(212,'PA','PAN','Panama',1),(213,'PG','PNG','Papua New Guinea',1),(214,'PY','PRY','Paraguay',4),(215,'PE','PER','Peru',4),(216,'PH','PHL','Philippines',1),(217,'PN','PCN','Pitcairn',1),(220,'PR','PRI','Puerto Rico',1),(221,'QA','QAT','Qatar',1),(222,'XK','KOS','Republic of Kosovo',1),(223,'RE','REU','Réunion',1),(224,'RO','ROU','Romania',1),(226,'RW','RWA','Rwanda',1),(227,'BL','BLM','Saint Barthélemy',1),(228,'SH','SHN','Saint Helena, Ascension and Tristan da Cunha',1),(229,'KN','KNA','Saint Kitts and Nevis',1),(230,'LC','LCA','Saint Lucia',1),(231,'MF','MAF','Saint Martin (French part)',1),(232,'PM','SPM','Saint Pierre and Miquelon',3),(233,'VC','VCT','Saint Vincent and the Grenadines',1),(234,'WS','WSM','Samoa',1),(235,'SM','SMR','San Marino',1),(236,'ST','STP','Sao Tome and Principe',1),(237,'SA','SAU','Saudi Arabia',1),(238,'SN','SEN','Senegal',1),(239,'RS','SRB','Serbia',1),(240,'SC','SYC','Seychelles',1),(241,'SL','SLE','Sierra Leone',1),(242,'SG','SGP','Singapore',1),(243,'SX','SXM','Sint Maarten (Dutch part)',1),(246,'SB','SLB','Solomon Islands',1),(247,'SO','SOM','Somalia',1),(248,'ZA','ZAF','South Africa',1),(249,'GS','SGS','South Georgia and the South Sandwich Islands',4),(250,'KR','KOR','Korea (Republic of)',1),(251,'SS','SSD','South Sudan',1),(253,'LK','LKA','Sri Lanka',1),(254,'SD','SDN','Sudan',1),(255,'SR','SUR','Suriname',4),(256,'SJ','SJM','Svalbard and Jan Mayen',1),(257,'SZ','SWZ','Swaziland',1),(259,'CH','CHE','Switzerland',1),(260,'SY','SYR','Syrian Arab Republic',1),(261,'TW','TWN','Taiwan, Province of China',1),(262,'TJ','TJK','Tajikistan',1),(263,'TZ','TZA','Tanzania, United Republic of',1),(264,'TH','THA','Thailand',1),(265,'TL','TLS','Timor-Leste',1),(266,'TG','TGO','Togo',1),(267,'TK','TKL','Tokelau',1),(268,'TO','TON','Tonga',1),(269,'TT','TTO','Trinidad and Tobago',1),(270,'TN','TUN','Tunisia',1),(271,'TR','TUR','Turkey',1),(272,'TM','TKM','Turkmenistan',1),(273,'TC','TCA','Turks and Caicos Islands',1),(274,'TV','TUV','Tuvalu',1),(276,'UA','UKR','Ukraine',1),(277,'AE','ARE','United Arab Emirates',1),(280,'UY','URY','Uruguay',4),(281,'UZ','UZB','Uzbekistan',1),(282,'VU','VUT','Vanuatu',1),(283,'VE','VEN','Venezuela (Bolivarian Republic of)',4),(284,'VN','VNM','Viet Nam',1),(285,'WF','WLF','Wallis and Futuna',1),(286,'EH','ESH','Western Sahara',1),(287,'YE','YEM','Yemen',1),(288,'ZM','ZMB','Zambia',1),(289,'ZW','ZWE','Zimbabwe',1);
 
 INSERT INTO ADDRESS(ADDRESS_ID, ADDRESS_LINE_ONE, CITY, STREET_NAME, ZIP, COUNTRY_ID) values(1, 'MARINE LINES', 'MUMBAI', 'LANE PORT', '411235', 1);
 INSERT INTO ADDRESS(ADDRESS_ID, ADDRESS_LINE_ONE, CITY, STREET_NAME, ZIP, COUNTRY_ID) values(2, '5/F ABCO TRADE CENTRE','MANAGLORE','NH-17, KOTTARA CHOWKI, KARNATKA','33012',1);
 INSERT INTO ADDRESS(ADDRESS_ID, ADDRESS_LINE_ONE, CITY, STREET_NAME, ZIP, COUNTRY_ID) values(3, '150 MOTOR PARKWAY','MIAMI','SUITE 401','88825',3);
 INSERT INTO ADDRESS(ADDRESS_ID, ADDRESS_LINE_ONE, CITY, STREET_NAME, ZIP, COUNTRY_ID) values(4, '30/FL., SEAVIEW PLAZA','SHENZHEN, 518067','18 TAIZI ROAD,SHEKOU','88825',2);
 INSERT INTO ADDRESS(ADDRESS_ID, ADDRESS_LINE_ONE, CITY, STREET_NAME, ZIP, COUNTRY_ID) values(5, 'ROOM 1206, RAFFLES CITY','SHANGHAI','NO 268 XIZANG ROAD MIDDLE','65802',2);
 INSERT INTO ADDRESS(ADDRESS_ID, ADDRESS_LINE_ONE, CITY, STREET_NAME, ZIP, COUNTRY_ID) values(6, 'FOREIGN TRADE ZONE #61','PUEBLO VIEJO, GUAYNABO','ROAD 165 KM 2.4, BLDG 1 WAREHOUSE 10','00965',3);
 INSERT INTO ADDRESS(ADDRESS_ID, ADDRESS_LINE_ONE, CITY, STREET_NAME, ZIP, COUNTRY_ID) values(7, '3030 ORLANDO DRIVE','MISSISSAUGA, L4V 1S8, ONTARIO','NO. 1111 LI YANG ROAD','11369',4);
 INSERT INTO ADDRESS(ADDRESS_ID, ADDRESS_LINE_ONE, CITY, STREET_NAME, ZIP, COUNTRY_ID) values(8, 'WILLY-BRANDT-PLATZ 1','BREMEN 28215','JHONGSHAN DISTRICT','50033',5);
 INSERT INTO ADDRESS(ADDRESS_ID, ADDRESS_LINE_ONE, CITY, STREET_NAME, ZIP, COUNTRY_ID) values(9, 'MESSBERG 4','HAMBURG  20095','552-566 CASTLE PEAK ROAD','33130',5);
 INSERT INTO ADDRESS(ADDRESS_ID, ADDRESS_LINE_ONE, CITY, STREET_NAME, ZIP, COUNTRY_ID) values(10, '4 RUE DU CHAPELIER - 95704','ROISSY CDG','SUITE 310','33166',6);
 INSERT INTO ADDRESS(ADDRESS_ID, ADDRESS_LINE_ONE, CITY, STREET_NAME, ZIP, COUNTRY_ID) values(11, 'PICO 1639-45 STREET','BUENES AIRES   1429','2/F., SUITE B/D','03081',10);
 INSERT INTO ADDRESS(ADDRESS_ID, ADDRESS_LINE_ONE, CITY, STREET_NAME, ZIP, COUNTRY_ID) values(12, '19 RICHARD PEARSE DRIVE','MANGERE, AUCKLAND','P.O. BOX 53004, AIRPORT OAKS','33178',11);
 INSERT INTO ADDRESS(ADDRESS_ID, ADDRESS_LINE_ONE, CITY, STREET_NAME, ZIP, COUNTRY_ID) values(13, 'RUA LUIZ SERAPHICO JUNIOR, 511 - 18° ANDAR', 'SAO PAULO  04729-080', 'JARDIM CARAVELAS', '07066', 9);
 INSERT INTO ADDRESS(ADDRESS_ID, ADDRESS_LINE_ONE, CITY, STREET_NAME, ZIP, COUNTRY_ID) values(14, '7880 CONVOY COURT', 'SAN DIEGO', 'SUITE 205', '91748', 3);
 INSERT INTO ADDRESS(ADDRESS_ID, ADDRESS_LINE_ONE, CITY, STREET_NAME, ZIP, COUNTRY_ID) values(15, '159, TRANSPORT CENTER', 'NEW DELHI  110035', 'NEAR PUNJABI BAGH FLYOVER', '92111', 1);
 INSERT INTO ADDRESS(ADDRESS_ID, ADDRESS_LINE_ONE, CITY, STREET_NAME, ZIP, COUNTRY_ID) values(16, 'ONE INDUSTRIAL PLAZA', 'VALLEY STREAM', 'BLDG. C', '11581', 2);
 
 INSERT INTO COMPANY(COMPANY_ID,NAME,ADDRESS_ID) VALUES(1,'SYSTEM LINERS',1);
 INSERT INTO COMPANY(COMPANY_ID,NAME,ADDRESS_ID) VALUES(2,'ONS Express & Logistics',2);
 INSERT INTO COMPANY(COMPANY_ID,NAME,ADDRESS_ID) VALUES(3,'USA InterCargo LLC',3);
 INSERT INTO COMPANY(COMPANY_ID,NAME,ADDRESS_ID) VALUES(4,'China COSCO Shipping Lines',4);
 INSERT INTO COMPANY(COMPANY_ID,NAME,ADDRESS_ID) VALUES(5,'Canada Steamship Lines Inc',7);
 INSERT INTO COMPANY(COMPANY_ID,NAME,ADDRESS_ID) VALUES(6,'China Shipping Container Lines Shenzhen Co.',5);
 INSERT INTO COMPANY(COMPANY_ID,NAME,ADDRESS_ID) VALUES(7,'Mediterranean Shipping Co',6);
 
 INSERT INTO PORT(PORT_ID,ISO_PORT_CODE,ISO_PORT_NAME,LATITUDE,LONGITUDE,COUNTRY_ID)VALUES(1,'INKTR','Kathinhar','235716253761.9','798273498273.8',1);
 INSERT INTO PORT(PORT_ID,ISO_PORT_CODE,ISO_PORT_NAME,LATITUDE,LONGITUDE,COUNTRY_ID)VALUES(2,'INPHB','Phulbari','235716253761.9','798273498273.8',1);
 INSERT INTO PORT(PORT_ID,ISO_PORT_CODE,ISO_PORT_NAME,LATITUDE,LONGITUDE,COUNTRY_ID)VALUES(3,'CHSNN','Sarnen','235712353761.9','798253498273.8',2);
 INSERT INTO PORT(PORT_ID,ISO_PORT_CODE,ISO_PORT_NAME,LATITUDE,LONGITUDE,COUNTRY_ID)VALUES(4,'USVIH','Vichy','235712353731.9','794253498273.8',3);
 INSERT INTO PORT(PORT_ID,ISO_PORT_CODE,ISO_PORT_NAME,LATITUDE,LONGITUDE,COUNTRY_ID)VALUES(5,'CAWAT','Watson Lake','235722353731.9','794253498173.8',4);
 INSERT INTO PORT(PORT_ID,ISO_PORT_CODE,ISO_PORT_NAME,LATITUDE,LONGITUDE,COUNTRY_ID)VALUES(6,'DEPKS','Plankstsdt','235722353732.9','794253498174.8',5);
 INSERT INTO PORT(PORT_ID,ISO_PORT_CODE,ISO_PORT_NAME,LATITUDE,LONGITUDE,COUNTRY_ID)VALUES(7,'FRBOB','Bobigny','235722353733.9','794253498175.8',6);
 INSERT INTO PORT(PORT_ID,ISO_PORT_CODE,ISO_PORT_NAME,LATITUDE,LONGITUDE,COUNTRY_ID)VALUES(8,'CHWTG','Wettingen','235722353734.9','794253498176.8',2);
 INSERT INTO PORT(PORT_ID,ISO_PORT_CODE,ISO_PORT_NAME,LATITUDE,LONGITUDE,COUNTRY_ID)VALUES(9,'USLSN','Los Banos','235722353735.9','794253498177.8',3); 
 INSERT INTO PORT(PORT_ID,ISO_PORT_CODE,ISO_PORT_NAME,LATITUDE,LONGITUDE,COUNTRY_ID)VALUES(10,'CAODS','Olds','23572235376.9','794253498178.8',4);
 INSERT INTO PORT(PORT_ID,ISO_PORT_CODE,ISO_PORT_NAME,LATITUDE,LONGITUDE,COUNTRY_ID)VALUES(11,'KEWJR','Wajir','235722353737.9','794253498179.8',7);
 INSERT INTO PORT(PORT_ID,ISO_PORT_CODE,ISO_PORT_NAME,LATITUDE,LONGITUDE,COUNTRY_ID)VALUES(12,'DEPOC','Pocking','235722353738.9','7942534981710.8',5);
 INSERT INTO PORT(PORT_ID,ISO_PORT_CODE,ISO_PORT_NAME,LATITUDE,LONGITUDE,COUNTRY_ID)VALUES(13,'FRBRG','Brignoud','235722353739.9','794253498171.8',6);
 INSERT INTO PORT(PORT_ID,ISO_PORT_CODE,ISO_PORT_NAME,LATITUDE,LONGITUDE,COUNTRY_ID)VALUES(14,'KEUKA','Ukunda','235722353701.9','794253498172.8',7);
 INSERT INTO PORT(PORT_ID,ISO_PORT_CODE,ISO_PORT_NAME,LATITUDE,LONGITUDE,COUNTRY_ID)VALUES(15,'BRBSS','Balsas','235722353702.9','794253498173.8',9);
 INSERT INTO PORT(PORT_ID,ISO_PORT_CODE,ISO_PORT_NAME,LATITUDE,LONGITUDE,COUNTRY_ID)VALUES(16,'ARLUQ','San Luis','235722353703.9','794253498174.8',10);
 INSERT INTO PORT(PORT_ID,ISO_PORT_CODE,ISO_PORT_NAME,LATITUDE,LONGITUDE,COUNTRY_ID)VALUES(17,'NOMAG','Magnor','235722353704.9','794253498175.8',12);
 INSERT INTO PORT(PORT_ID,ISO_PORT_CODE,ISO_PORT_NAME,LATITUDE,LONGITUDE,COUNTRY_ID)VALUES(18,'UGMBQ','Mbarara','235722353705.9','794253498176.8',8);
 INSERT INTO PORT(PORT_ID,ISO_PORT_CODE,ISO_PORT_NAME,LATITUDE,LONGITUDE,COUNTRY_ID)VALUES(19,'NZTKA','Temuka','235722353706.9','794253498177.8',11);
 
 
 INSERT INTO DEPOT(DEPOT_ID,DEPOT_NAME,DEPOT_CODE,PORT_ID) VALUES(1,'Kandla ','KAN',1);
 INSERT INTO DEPOT(DEPOT_ID,DEPOT_NAME,DEPOT_CODE,PORT_ID) VALUES(2,'Kingscote','KGC',1);
 INSERT INTO DEPOT(DEPOT_ID,DEPOT_NAME,DEPOT_CODE,PORT_ID) VALUES(3,'Venne','VEN',2);
 INSERT INTO DEPOT(DEPOT_ID,DEPOT_NAME,DEPOT_CODE,PORT_ID) VALUES(4,'Botwood','AOH',3);
 INSERT INTO DEPOT(DEPOT_ID,DEPOT_NAME,DEPOT_CODE,PORT_ID) VALUES(5,'Yangsan','SHY',4);
 INSERT INTO DEPOT(DEPOT_ID,DEPOT_NAME,DEPOT_CODE,PORT_ID) VALUES(6,'Everglades','EVG',5);
 
 INSERT INTO CONTAINERTYPE(CONTAINERTYPE_ID,DESCRIPTION,SIZE,TYPE) VALUES(1,'40x4.3 Open Top Containers','40','DC');
 INSERT INTO CONTAINERTYPE(CONTAINERTYPE_ID,DESCRIPTION,SIZE,TYPE) VALUES(2,'40x8.5 Non-Vented, Open 1/Both Ends','40','HC');
 INSERT INTO CONTAINERTYPE(CONTAINERTYPE_ID,DESCRIPTION,SIZE,TYPE) VALUES(3,'20x8.5 Passive Vents','20','DV');
 INSERT INTO CONTAINERTYPE(CONTAINERTYPE_ID,DESCRIPTION,SIZE,TYPE) VALUES(4,'20x8 Tank for Gases','20','TK');

 
  INSERT INTO container(CONTAINER_ID,CONTAINER_CONDITION,Code,STATUS,COMPANY_ID,CONTAINERTYPE_ID,PORT_ID,UPDATED_DATE,LAST_UPDATED_DATE,DEPOT_ID, record_status) VALUES(1,'Good','CLHU8817405','R',1,1,1,'24 jul 2017',CURRENT_TIMESTAMP,1,1);
  INSERT INTO container(CONTAINER_ID,CONTAINER_CONDITION,Code,STATUS,COMPANY_ID,CONTAINERTYPE_ID,PORT_ID,UPDATED_DATE,LAST_UPDATED_DATE,DEPOT_ID, record_status) VALUES(2,'Good','CLHU8817406','R',2,2,2,'24 jul 2017',CURRENT_TIMESTAMP,1,1);  
  INSERT INTO container(CONTAINER_ID,CONTAINER_CONDITION,Code,STATUS,COMPANY_ID,CONTAINERTYPE_ID,PORT_ID,UPDATED_DATE,LAST_UPDATED_DATE,DEPOT_ID, record_status) VALUES(3,'Good','CLHU8817407','A',1,1,3,'25 jul 2017',CURRENT_TIMESTAMP,1,1);  
  INSERT INTO container(CONTAINER_ID,CONTAINER_CONDITION,Code,STATUS,COMPANY_ID,CONTAINERTYPE_ID,PORT_ID,UPDATED_DATE,LAST_UPDATED_DATE,DEPOT_ID, record_status) VALUES(4,'Good','CLHU8817408','B',2,2,3,'25 jul 2017',CURRENT_TIMESTAMP,1,1);
  INSERT INTO container(CONTAINER_ID,CONTAINER_CONDITION,Code,STATUS,COMPANY_ID,CONTAINERTYPE_ID,PORT_ID,UPDATED_DATE,LAST_UPDATED_DATE,DEPOT_ID, record_status) VALUES(5,'Damaged','CLHU8817409','A',1,1,1,'26 jul 2017',CURRENT_TIMESTAMP,1,1);
  INSERT INTO container(CONTAINER_ID,CONTAINER_CONDITION,Code,STATUS,COMPANY_ID,CONTAINERTYPE_ID,PORT_ID,UPDATED_DATE,LAST_UPDATED_DATE,DEPOT_ID, record_status) VALUES(6,'Good','CLHU88174010','R',2,2,2,'26 jul 2017',CURRENT_TIMESTAMP,1,1);
  INSERT INTO container(CONTAINER_ID,CONTAINER_CONDITION,Code,STATUS,COMPANY_ID,CONTAINERTYPE_ID,PORT_ID,UPDATED_DATE,LAST_UPDATED_DATE,DEPOT_ID, record_status) VALUES(7,'Good','CLHU88174011','A',3,3,3,'26 jul 2017',CURRENT_TIMESTAMP,1,1);
  INSERT INTO container(CONTAINER_ID,CONTAINER_CONDITION,Code,STATUS,COMPANY_ID,CONTAINERTYPE_ID,PORT_ID,UPDATED_DATE,LAST_UPDATED_DATE,DEPOT_ID, record_status) VALUES(8,'Damaged','CLHU88174012','NA',3,4,4,'27 jul 2017',CURRENT_TIMESTAMP,1,1);
  INSERT INTO container(CONTAINER_ID,CONTAINER_CONDITION,Code,STATUS,COMPANY_ID,CONTAINERTYPE_ID,PORT_ID,UPDATED_DATE,LAST_UPDATED_DATE,DEPOT_ID, record_status) VALUES(9,'Damaged','CLHU88174013','NA',3,4,5,'27 jul 2017',CURRENT_TIMESTAMP,1,1);
  INSERT INTO container(CONTAINER_ID,CONTAINER_CONDITION,Code,STATUS,COMPANY_ID,CONTAINERTYPE_ID,PORT_ID,UPDATED_DATE,LAST_UPDATED_DATE,DEPOT_ID, record_status) VALUES(10,'Good','CLHU88174014','B',4,3,1,'27 jul 2017',CURRENT_TIMESTAMP,1,1);
 INSERT INTO container(CONTAINER_ID,CONTAINER_CONDITION,Code,STATUS,COMPANY_ID,CONTAINERTYPE_ID,PORT_ID,UPDATED_DATE,LAST_UPDATED_DATE,DEPOT_ID, record_status) VALUES(11,'Good','CLHU88174015','NA',4,4,4,'28 jul 2017',CURRENT_TIMESTAMP,1,1);
 INSERT INTO container(CONTAINER_ID,CONTAINER_CONDITION,Code,STATUS,COMPANY_ID,CONTAINERTYPE_ID,PORT_ID,UPDATED_DATE,LAST_UPDATED_DATE,DEPOT_ID, record_status) VALUES(12,'Damaged','CLHU88174016','NA',4,3,2,'28 jul 2017',CURRENT_TIMESTAMP,1,1);
 INSERT INTO container(CONTAINER_ID,CONTAINER_CONDITION,Code,STATUS,COMPANY_ID,CONTAINERTYPE_ID,PORT_ID,UPDATED_DATE,LAST_UPDATED_DATE,DEPOT_ID, record_status) VALUES(13,'Good','CLHU88174017','R',5,4,4,'29 jul 2017',CURRENT_TIMESTAMP,1,1);
 INSERT INTO container(CONTAINER_ID,CONTAINER_CONDITION,Code,STATUS,COMPANY_ID,CONTAINERTYPE_ID,PORT_ID,UPDATED_DATE,LAST_UPDATED_DATE,DEPOT_ID, record_status) VALUES(14,'Good','CLHU88174018','NA',5,4,4,'29 jul 2017',CURRENT_TIMESTAMP,1,1);
 INSERT INTO container(CONTAINER_ID,CONTAINER_CONDITION,Code,STATUS,COMPANY_ID,CONTAINERTYPE_ID,PORT_ID,UPDATED_DATE,LAST_UPDATED_DATE,DEPOT_ID, record_status) VALUES(15,'Damaged','CLHU88174019','A',5,4,5,'29 jul 2017',CURRENT_TIMESTAMP,1,1);
 INSERT INTO container(CONTAINER_ID,CONTAINER_CONDITION,Code,STATUS,COMPANY_ID,CONTAINERTYPE_ID,PORT_ID,UPDATED_DATE,LAST_UPDATED_DATE,DEPOT_ID, record_status) VALUES(16,'Good','CLHU88174020','A',4,4,5,'29 jul 2017',CURRENT_TIMESTAMP,1,1);
 INSERT INTO container(CONTAINER_ID,CONTAINER_CONDITION,Code,STATUS,COMPANY_ID,CONTAINERTYPE_ID,PORT_ID,UPDATED_DATE,LAST_UPDATED_DATE,DEPOT_ID, record_status) VALUES(17,'Good','CLHU88174021','B',5,1,5,'29 jul 2017',CURRENT_TIMESTAMP,1,1);
 INSERT INTO container(CONTAINER_ID,CONTAINER_CONDITION,Code,STATUS,COMPANY_ID,CONTAINERTYPE_ID,PORT_ID,UPDATED_DATE,LAST_UPDATED_DATE,DEPOT_ID, record_status) VALUES(18,'Good','CLHU88174022','A',5,2,5,'28 jul 2017',CURRENT_TIMESTAMP,1,1); 
 INSERT INTO container(CONTAINER_ID,CONTAINER_CONDITION,Code,STATUS,COMPANY_ID,CONTAINERTYPE_ID,PORT_ID,UPDATED_DATE,LAST_UPDATED_DATE,DEPOT_ID, record_status) VALUES(19,'Good','CLHU88174023','B',5,4,3,'28 jul 2017',CURRENT_TIMESTAMP,1,1); 
 INSERT INTO container(CONTAINER_ID,CONTAINER_CONDITION,Code,STATUS,COMPANY_ID,CONTAINERTYPE_ID,PORT_ID,UPDATED_DATE,LAST_UPDATED_DATE,DEPOT_ID, record_status) VALUES(20,'Good','CLHU88174024','A',4,3,5,'27 jul 2017',CURRENT_TIMESTAMP,1,1);
 INSERT INTO container(CONTAINER_ID,CONTAINER_CONDITION,Code,STATUS,COMPANY_ID,CONTAINERTYPE_ID,PORT_ID,UPDATED_DATE,LAST_UPDATED_DATE,DEPOT_ID, record_status) VALUES(21,'Good','CLHU88174025','A',3,3,3,'26 jul 2017',CURRENT_TIMESTAMP,1,1);
 INSERT INTO container(CONTAINER_ID,CONTAINER_CONDITION,Code,STATUS,COMPANY_ID,CONTAINERTYPE_ID,PORT_ID,UPDATED_DATE,LAST_UPDATED_DATE,DEPOT_ID, record_status) VALUES(22,'Good','CLHU88174026','A',1,2,3,'25 jul 2017',CURRENT_TIMESTAMP,1,1);
 INSERT INTO container(CONTAINER_ID,CONTAINER_CONDITION,Code,STATUS,COMPANY_ID,CONTAINERTYPE_ID,PORT_ID,UPDATED_DATE,LAST_UPDATED_DATE,DEPOT_ID, record_status) VALUES(23,'Good','CLHU88174027','B',1,2,3,'25 jul 2017',CURRENT_TIMESTAMP,1,1);
// INSERT INTO container(CONTAINER_ID,CONTAINER_CONDITION,Code,STATUS,COMPANY_ID,CONTAINERTYPE_ID,PORT_ID,UPDATED_DATE,LAST_UPDATED_DATE,DEPOT_ID, record_status) VALUES(22,'Damaged','CLHU88174028','A',1,2,3,'24 jul 2017',CURRENT_TIMESTAMP,1,1);
 INSERT INTO container(CONTAINER_ID,CONTAINER_CONDITION,Code,STATUS,COMPANY_ID,CONTAINERTYPE_ID,PORT_ID,UPDATED_DATE,LAST_UPDATED_DATE,DEPOT_ID, record_status) VALUES(24,'Damaged','CLHU88174029','R',1,2,3,'24 jul 2017',CURRENT_TIMESTAMP,1,1);
 INSERT INTO container(CONTAINER_ID,CONTAINER_CONDITION,Code,STATUS,COMPANY_ID,CONTAINERTYPE_ID,PORT_ID,UPDATED_DATE,LAST_UPDATED_DATE,DEPOT_ID, record_status) VALUES(25,'Good','CLHU88174030','A',1,4,5,'25 jul 2017',CURRENT_TIMESTAMP,1,1);
 INSERT INTO container(CONTAINER_ID,CONTAINER_CONDITION,Code,STATUS,COMPANY_ID,CONTAINERTYPE_ID,PORT_ID,UPDATED_DATE,LAST_UPDATED_DATE,DEPOT_ID, record_status) VALUES(26,'Good','CLHU88174031','B',3,4,5,'26 jul 2017',CURRENT_TIMESTAMP,1,1);
 INSERT INTO container(CONTAINER_ID,CONTAINER_CONDITION,Code,STATUS,COMPANY_ID,CONTAINERTYPE_ID,PORT_ID,UPDATED_DATE,LAST_UPDATED_DATE,DEPOT_ID, record_status) VALUES(27,'Good','CLHU88174032','B',2,3,4,'27 jul 2017',CURRENT_TIMESTAMP,1,1);
 INSERT INTO container(CONTAINER_ID,CONTAINER_CONDITION,Code,STATUS,COMPANY_ID,CONTAINERTYPE_ID,PORT_ID,UPDATED_DATE,LAST_UPDATED_DATE,DEPOT_ID, record_status) VALUES(28,'Good','CLHU88174033','B',4,2,3,'28 jul 2017',CURRENT_TIMESTAMP,1,1);
 INSERT INTO container(CONTAINER_ID,CONTAINER_CONDITION,Code,STATUS,COMPANY_ID,CONTAINERTYPE_ID,PORT_ID,UPDATED_DATE,LAST_UPDATED_DATE,DEPOT_ID, record_status) VALUES(29,'Good','CLHU88174034','A',4,2,3,'29 jul 2017',CURRENT_TIMESTAMP,1,1);
 INSERT INTO container(CONTAINER_ID,CONTAINER_CONDITION,Code,STATUS,COMPANY_ID,CONTAINERTYPE_ID,PORT_ID,UPDATED_DATE,LAST_UPDATED_DATE,DEPOT_ID, record_status) VALUES(30,'Good','CLHU88174035','R',2,4,1,'30 jul 2017',CURRENT_TIMESTAMP,1,1);
 INSERT INTO container(CONTAINER_ID,CONTAINER_CONDITION,Code,STATUS,COMPANY_ID,CONTAINERTYPE_ID,PORT_ID,UPDATED_DATE,LAST_UPDATED_DATE,DEPOT_ID, record_status) VALUES(31,'Good','CLHU88174036','A',2,3,5,'30 jul 2017',CURRENT_TIMESTAMP,1,1);
 INSERT INTO container(CONTAINER_ID,CONTAINER_CONDITION,Code,STATUS,COMPANY_ID,CONTAINERTYPE_ID,PORT_ID,UPDATED_DATE,LAST_UPDATED_DATE,DEPOT_ID, record_status) VALUES(32,'Good','CLHU88174037','A',2,1,3,'30 jul 2017',CURRENT_TIMESTAMP,1,1);
 INSERT INTO container(CONTAINER_ID,CONTAINER_CONDITION,Code,STATUS,COMPANY_ID,CONTAINERTYPE_ID,PORT_ID,UPDATED_DATE,LAST_UPDATED_DATE,DEPOT_ID, record_status) VALUES(33,'Good','CLHU88174038','A',3,2,3,'30 jul 2017',CURRENT_TIMESTAMP,1,1);
 INSERT INTO container(CONTAINER_ID,CONTAINER_CONDITION,Code,STATUS,COMPANY_ID,CONTAINERTYPE_ID,PORT_ID,UPDATED_DATE,LAST_UPDATED_DATE,DEPOT_ID, record_status) VALUES(34,'Good','CLHU88174039','R',3,1,3,'30 jul 2017',CURRENT_TIMESTAMP,1,1);
 INSERT INTO container(CONTAINER_ID,CONTAINER_CONDITION,Code,STATUS,COMPANY_ID,CONTAINERTYPE_ID,PORT_ID,UPDATED_DATE,LAST_UPDATED_DATE,DEPOT_ID, record_status) VALUES(35,'Good','CLHU88174040','B',4,2,3,'31 jul 2017',CURRENT_TIMESTAMP,1,1);
 INSERT INTO container(CONTAINER_ID,CONTAINER_CONDITION,Code,STATUS,COMPANY_ID,CONTAINERTYPE_ID,PORT_ID,UPDATED_DATE,LAST_UPDATED_DATE,DEPOT_ID, record_status) VALUES(36,'Good','CLHU88174041','R',4,2,3,'31 jul 2017',CURRENT_TIMESTAMP,1,1);
 INSERT INTO container(CONTAINER_ID,CONTAINER_CONDITION,Code,STATUS,COMPANY_ID,CONTAINERTYPE_ID,PORT_ID,UPDATED_DATE,LAST_UPDATED_DATE,DEPOT_ID, record_status) VALUES(37,'Good','CLHU88174042','B',4,2,3,'31 jul 2017',CURRENT_TIMESTAMP,1,1);
 INSERT INTO container(CONTAINER_ID,CONTAINER_CONDITION,Code,STATUS,COMPANY_ID,CONTAINERTYPE_ID,PORT_ID,UPDATED_DATE,LAST_UPDATED_DATE,DEPOT_ID, record_status) VALUES(38,'Damaged','CLHU88174043','A',3,4,2,'31 jul 2017',CURRENT_TIMESTAMP,1,1);
 INSERT INTO container(CONTAINER_ID,CONTAINER_CONDITION,Code,STATUS,COMPANY_ID,CONTAINERTYPE_ID,PORT_ID,UPDATED_DATE,LAST_UPDATED_DATE,DEPOT_ID, record_status) VALUES(39,'Damaged','CLHU88174044','A',5,2,3,'31 jul 2017',CURRENT_TIMESTAMP,1,1);
 INSERT INTO container(CONTAINER_ID,CONTAINER_CONDITION,Code,STATUS,COMPANY_ID,CONTAINERTYPE_ID,PORT_ID,UPDATED_DATE,LAST_UPDATED_DATE,DEPOT_ID, record_status) VALUES(40,'Good','CLHU88174045','A',1,2,3,'23 jul 2017',CURRENT_TIMESTAMP,1,1);
 INSERT INTO container(CONTAINER_ID,CONTAINER_CONDITION,Code,STATUS,COMPANY_ID,CONTAINERTYPE_ID,PORT_ID,UPDATED_DATE,LAST_UPDATED_DATE,DEPOT_ID, record_status) VALUES(41,'Good','CLHU88174046','A',1,3,6,'23 jul 2017',CURRENT_TIMESTAMP,1,1);
INSERT INTO container(CONTAINER_ID,CONTAINER_CONDITION,Code,STATUS,COMPANY_ID,CONTAINERTYPE_ID,PORT_ID,UPDATED_DATE,LAST_UPDATED_DATE,DEPOT_ID, record_status) VALUES(42,'Good','CLHU88174047','A',3,4,7,'23 jul 2017',CURRENT_TIMESTAMP,1,1);
INSERT INTO container(CONTAINER_ID,CONTAINER_CONDITION,Code,STATUS,COMPANY_ID,CONTAINERTYPE_ID,PORT_ID,UPDATED_DATE,LAST_UPDATED_DATE,DEPOT_ID, record_status) VALUES(43,'Good','CLHU88174048','A',4,2,8,'23 jul 2017',CURRENT_TIMESTAMP,1,1);
INSERT INTO container(CONTAINER_ID,CONTAINER_CONDITION,Code,STATUS,COMPANY_ID,CONTAINERTYPE_ID,PORT_ID,UPDATED_DATE,LAST_UPDATED_DATE,DEPOT_ID, record_status) VALUES(44,'Good','CLHU88174049','A',5,2,9,'26 jul 2017',CURRENT_TIMESTAMP,1,1);  
INSERT INTO container(CONTAINER_ID,CONTAINER_CONDITION,Code,STATUS,COMPANY_ID,CONTAINERTYPE_ID,PORT_ID,UPDATED_DATE,LAST_UPDATED_DATE,DEPOT_ID, record_status) VALUES(45,'Damaged','CLHU88174050','A',2,1,10,'23 jul 2017',CURRENT_TIMESTAMP,1,1);
INSERT INTO container(CONTAINER_ID,CONTAINER_CONDITION,Code,STATUS,COMPANY_ID,CONTAINERTYPE_ID,PORT_ID,UPDATED_DATE,LAST_UPDATED_DATE,DEPOT_ID, record_status) VALUES(46,'Damaged','CLHU881740451','B',1,2,11,'23 jul 2017',CURRENT_TIMESTAMP,1,1);  
INSERT INTO container(CONTAINER_ID,CONTAINER_CONDITION,Code,STATUS,COMPANY_ID,CONTAINERTYPE_ID,PORT_ID,UPDATED_DATE,LAST_UPDATED_DATE,DEPOT_ID, record_status) VALUES(47,'Good','CLHU88174052','B',3,3,12,'26 jul 2017',CURRENT_TIMESTAMP,1,1);
INSERT INTO container(CONTAINER_ID,CONTAINER_CONDITION,Code,STATUS,COMPANY_ID,CONTAINERTYPE_ID,PORT_ID,UPDATED_DATE,LAST_UPDATED_DATE,DEPOT_ID, record_status) VALUES(48,'Good','CLHU88174053','A',4,4,13,'27 jul 2017',CURRENT_TIMESTAMP,1,1);
INSERT INTO container(CONTAINER_ID,CONTAINER_CONDITION,Code,STATUS,COMPANY_ID,CONTAINERTYPE_ID,PORT_ID,UPDATED_DATE,LAST_UPDATED_DATE,DEPOT_ID, record_status) VALUES(49,'Good','CLHU88174054','B',3,1,14,'28 jul 2017',CURRENT_TIMESTAMP,1,1);
INSERT INTO container(CONTAINER_ID,CONTAINER_CONDITION,Code,STATUS,COMPANY_ID,CONTAINERTYPE_ID,PORT_ID,UPDATED_DATE,LAST_UPDATED_DATE,DEPOT_ID, record_status) VALUES(50,'Good','CLHU88174055','A',2,2,15,'23 jul 2017',CURRENT_TIMESTAMP,1,1);
INSERT INTO container(CONTAINER_ID,CONTAINER_CONDITION,Code,STATUS,COMPANY_ID,CONTAINERTYPE_ID,PORT_ID,UPDATED_DATE,LAST_UPDATED_DATE,DEPOT_ID, record_status) VALUES(51,'Good','CLHU88174056','NA',3,1,16,'22 jul 2017',CURRENT_TIMESTAMP,1,1);
INSERT INTO container(CONTAINER_ID,CONTAINER_CONDITION,Code,STATUS,COMPANY_ID,CONTAINERTYPE_ID,PORT_ID,UPDATED_DATE,LAST_UPDATED_DATE,DEPOT_ID, record_status) VALUES(52,'Good','CLHU88174057','A',2,2,17,'22 jul 2017',CURRENT_TIMESTAMP,1,1);
INSERT INTO container(CONTAINER_ID,CONTAINER_CONDITION,Code,STATUS,COMPANY_ID,CONTAINERTYPE_ID,PORT_ID,UPDATED_DATE,LAST_UPDATED_DATE,DEPOT_ID, record_status) VALUES(53,'Damaged','CLHU88174058','NA',3,1,18,'22 jul 2017',CURRENT_TIMESTAMP,1,1);
INSERT INTO container(CONTAINER_ID,CONTAINER_CONDITION,Code,STATUS,COMPANY_ID,CONTAINERTYPE_ID,PORT_ID,UPDATED_DATE,LAST_UPDATED_DATE,DEPOT_ID, record_status) VALUES(54,'Damaged','CLHU88174059','A',2,2,19,'22 jul 2017',CURRENT_TIMESTAMP,1,1);
INSERT INTO container(CONTAINER_ID,CONTAINER_CONDITION,Code,STATUS,COMPANY_ID,CONTAINERTYPE_ID,PORT_ID,UPDATED_DATE,LAST_UPDATED_DATE,DEPOT_ID, record_status) VALUES(55,'Good','CLHU88174060','NA',2,3,13,'30 jul 2017',CURRENT_TIMESTAMP,1,1);   
INSERT INTO container(CONTAINER_ID,CONTAINER_CONDITION,Code,STATUS,COMPANY_ID,CONTAINERTYPE_ID,PORT_ID,UPDATED_DATE,LAST_UPDATED_DATE,DEPOT_ID, record_status) VALUES(56,'Good','CLHU88174061','B',1,1,14,'31 jul 2017',CURRENT_TIMESTAMP,1,1);
INSERT INTO container(CONTAINER_ID,CONTAINER_CONDITION,Code,STATUS,COMPANY_ID,CONTAINERTYPE_ID,PORT_ID,UPDATED_DATE,LAST_UPDATED_DATE,DEPOT_ID, record_status) VALUES(57,'Good','CLHU88174062','NA',5,1,15,'31 jul 2017',CURRENT_TIMESTAMP,1,1);
INSERT INTO container(CONTAINER_ID,CONTAINER_CONDITION,Code,STATUS,COMPANY_ID,CONTAINERTYPE_ID,PORT_ID,UPDATED_DATE,LAST_UPDATED_DATE,DEPOT_ID, record_status) VALUES(58,'Damaged','CLHU88174063','B',4,4,16,'31 jul 2017',CURRENT_TIMESTAMP,1,1);
INSERT INTO container(CONTAINER_ID,CONTAINER_CONDITION,Code,STATUS,COMPANY_ID,CONTAINERTYPE_ID,PORT_ID,UPDATED_DATE,LAST_UPDATED_DATE,DEPOT_ID, record_status) VALUES(59,'Good','CLHU88174064','A',3,1,17,'30 jul 2017',CURRENT_TIMESTAMP,1,1);
INSERT INTO container(CONTAINER_ID,CONTAINER_CONDITION,Code,STATUS,COMPANY_ID,CONTAINERTYPE_ID,PORT_ID,UPDATED_DATE,LAST_UPDATED_DATE,DEPOT_ID, record_status) VALUES(60,'Good','CLHU88174065','R',2,4,18,'30 jul 2017',CURRENT_TIMESTAMP,1,1);
INSERT INTO container(CONTAINER_ID,CONTAINER_CONDITION,Code,STATUS,COMPANY_ID,CONTAINERTYPE_ID,PORT_ID,UPDATED_DATE,LAST_UPDATED_DATE,DEPOT_ID, record_status) VALUES(61,'Good','CLHU88174066','R',1,2,19,'31 jul 2017',CURRENT_TIMESTAMP,1,1);
    

INSERT INTO User(USER_ID,NAME,USERNAME,PASSWORD,COMPANY_ID) VALUES(1,'Manas','manas','manas',1);
INSERT INTO User(USER_ID,NAME,USERNAME,PASSWORD,COMPANY_ID) VALUES(2,'Dhiraj','dhiraj','dhiraj',1);
INSERT INTO User(USER_ID,NAME,USERNAME,PASSWORD,COMPANY_ID) VALUES(3,'ARUN','arun','arun',2);
INSERT INTO User(USER_ID,NAME,USERNAME,PASSWORD,COMPANY_ID) VALUES(4,'SHWETA','shweta','shweta',2);
INSERT INTO User(USER_ID,NAME,USERNAME,PASSWORD,COMPANY_ID) VALUES(5,'Tanya','tanya','tanya',3);
INSERT INTO User(USER_ID,NAME,USERNAME,PASSWORD,COMPANY_ID) VALUES(6,'Nehal','nehal','nehal',3);
INSERT INTO User(USER_ID,NAME,USERNAME,PASSWORD,COMPANY_ID) VALUES(7,'Ayushi','ayushi','ayushi',3);
INSERT INTO User(USER_ID,NAME,USERNAME,PASSWORD,COMPANY_ID) VALUES(8,'Ashwin','ashwin','ashwin',6);
INSERT INTO User(USER_ID,NAME,USERNAME,PASSWORD,COMPANY_ID) VALUES(9,'Heraj','heraj','heraj',5);
INSERT INTO User(USER_ID,NAME,USERNAME,PASSWORD,COMPANY_ID) VALUES(10,'Neeraj','neeraj','neeraj',4);
 
 INSERT INTO ROLE(ID,NAME) VALUES(1,'Admin');
 INSERT INTO ROLE(ID,NAME) VALUES(2,'Admin');
 INSERT INTO ROLE(ID,NAME) VALUES(3,'Admin');
 --INSERT INTO ROLE(ID,NAME) VALUES(4,'Admin');

 INSERT INTO user_role(ROLE_ID,USER_ID) VALUES(1,1);
 INSERT INTO user_role(ROLE_ID,USER_ID) VALUES(2,1);
 INSERT INTO user_role(ROLE_ID,USER_ID) VALUES(3,1);
 INSERT INTO user_role(ROLE_ID,USER_ID) VALUES(2,2);
 --INSERT INTO user_role(ROLE_ID,USER_ID) VALUES(1,2);
-- INSERT INTO user_role(ROLE_ID,USER_ID) VALUES(1,3);
 INSERT INTO user_role(ROLE_ID,USER_ID) VALUES(2,3);
 INSERT INTO user_role(ROLE_ID,USER_ID) VALUES(3,2);
 INSERT INTO user_role(ROLE_ID,USER_ID) VALUES(3,3);
 --INSERT INTO user_role(ROLE_ID,USER_ID) VALUES(1,4);
 INSERT INTO user_role(ROLE_ID,USER_ID) VALUES(2,4);
 INSERT INTO user_role(ROLE_ID,USER_ID) VALUES(2,6);
 INSERT INTO user_role(ROLE_ID,USER_ID) VALUES(2,5);
 INSERT INTO user_role(ROLE_ID,USER_ID) VALUES(3,5);
 INSERT INTO user_role(ROLE_ID,USER_ID) VALUES(3,4);
 INSERT INTO user_role(ROLE_ID,USER_ID) VALUES(3,6);
 INSERT INTO user_role(ROLE_ID,USER_ID) VALUES(3,7);
-- INSERT INTO user_role(ROLE_ID,USER_ID) VALUES(1,8);
 INSERT INTO user_role(ROLE_ID,USER_ID) VALUES(2,9);
 INSERT INTO user_role(ROLE_ID,USER_ID) VALUES(2,10);
 
 